{
  "drones": [
    {
      "ID": 1,
      "ALIAS": "alan",
      "TOKEN": "eyJ0eXAiOiJKV1QiLCJhbGciOiJIUzI1NiJ9.eyJhbGlhcyI6ImFsYW4iLCJleHAiOjE3MTk3NzgzNzk2NDd9.viH5GGtJlbmZTOZmnSzFfdme7DhPMgdYEW3C7ka_k6E",
      "posicion_actual": [
        1,
        1
      ],
      "posicion_destino": [
        5,
        4
      ]
    },
    {
      "ID": 2,
      "ALIAS": "pere",
      "TOKEN": "eyJ0eXAiOiJKV1QiLCJhbGciOiJIUzI1NiJ9.eyJhbGlhcyI6InBlcmUiLCJleHAiOjE3MTk3Nzg0MjA3NDJ9.nTDh6pFxVEMXg58jHiYW-oGpvpgwc3luZ240pLBCFz8",
      "posicion_actual": [
        1,
        3
      ],
      "posicion_destino": [
        5,
        4
      ]
    }
  ]
}